{"mean": [-1.5793288263278627e-05, -9.862010853625176e-06, -3.080954030327626e-05, 0.020991093673489957, -0.04530243859060695, -0.05244995589712462, 0.03064480121904946, -0.12387446264127285, -0.07501618684779222, 0.022153699458815547, -0.1847857044105383, -0.09372265645265693, 0.00986923030298778, -0.21579077803725968, -0.10902310056878771, 0.010886952784354854, -0.23365851356687078, -0.03595114925506896, 0.008004640649716238, -0.3067816741347184, -0.07867879404955058, 0.006435072426485428, -0.3181819633769858, -0.10696333005673678, 0.00516231785756033, -0.3242472044681585, -0.12199458913888138, -0.005634127365545716, -0.23166598690325413, -0.032317908262811564, -0.009150184847458609, -0.30059413779268834, -0.08286052112786431, -0.00651414156035222, -0.278257412386141, -0.10599511303231351, -0.0037020562425987445, -0.2638231278023927, -0.11107747278628097, -0.01965860006301967, -0.21197226099392089, -0.03578480070811991, -0.023335491110208766, -0.26467612385570455, -0.09388792222300399, -0.016022462081865245, -0.21637887553152435, -0.1005244611006109, -0.010515292553851042, -0.18233631855975202, -0.08900659485016173, -0.032138577100172656, -0.17969313047301308, -0.04281496548093588, -0.03476002025875406, -0.22534196042666113, -0.08530735596333122, -0.029733599208619624, -0.20188680862538574, -0.08453485427124248, -0.026174159119338448, -0.18328228551304765, -0.0733687043824525], "scale": [0.002860306012974986, 0.002926268320835416, 0.002864591425312249, 0.09080527378098056, 0.04908414098334761, 0.04393541044721738, 0.15918050413892723, 0.10037755325628765, 0.06290872036671118, 0.18559178946501914, 0.14184696391840027, 0.07379036226298678, 0.20975236600533373, 0.171209052249049, 0.08556140996614973, 0.1476183426726861, 0.10370249253367887, 0.07486159641378755, 0.1983531976003837, 0.16399749883413317, 0.09303156620299315, 0.2264146463686995, 0.20168179639724002, 0.10196625552325717, 0.25074223456001615, 0.2406358441373787, 0.10726958034604606, 0.1257226204410581, 0.10327791041602766, 0.061321396560419184, 0.17678837105848091, 0.17075621762605245, 0.08114002150280367, 0.1844997823121905, 0.20673119560648892, 0.08453855504463312, 0.19388889725535702, 0.24724219819113627, 0.08623837465091848, 0.12613106206193975, 0.1040015363906363, 0.05310630523833156, 0.1697746335427873, 0.16311157752717656, 0.07239756360047778, 0.16028293789974637, 0.17505729857701913, 0.0719252596057258, 0.1566647228045414, 0.19356436395427853, 0.0716747444645803, 0.1453487604225641, 0.10575900258005336, 0.0540753798066593, 0.18028044218496486, 0.1510440336150884, 0.06697156189511981, 0.18213420528879565, 0.16662541232418623, 0.0665654030850348, 0.1861900392253076, 0.1856676830023102, 0.06664305117324387]}