{"mean": [0.0, 0.0, 0.0, 0.06311897387866565, -0.04595182940578289, -0.05248316213305389, 0.09247181702146141, -0.12440619342100563, -0.0751435223917733, 0.06802010912296297, -0.18468118844022283, -0.09387818904885951, 0.032249837104293654, -0.21562526912855015, -0.109225378954192, 0.03273159708398923, -0.23475784578805062, -0.03653318585869504, 0.025398513530012514, -0.30855117754773986, -0.07914517171693944, 0.021675554287287114, -0.32061872636671546, -0.10748890037312586, 0.018819759242522487, -0.3269994368048595, -0.12258669041323016, -0.01664803588731612, -0.23315105013710133, -0.032839680531605735, -0.026546496730431808, -0.30296330969575214, -0.08308051411147958, -0.017975313028396604, -0.28169786910430417, -0.10639616563127612, -0.00959098509041597, -0.2672874576789584, -0.11185220719408513, -0.05851272062110386, -0.21360945729293127, -0.03613946707935933, -0.06887096479284964, -0.2673344947040367, -0.09406977507022095, -0.0460802042092994, -0.22019451409935664, -0.10105398631594326, -0.028986535338814453, -0.18626231177569294, -0.0899399811460738, -0.09586669145513782, -0.18129895438554047, -0.04307549816719906, -0.10385825397442285, -0.22760928247561701, -0.08543466682867344, -0.08893141975934557, -0.2053420015787192, -0.08506133177498654, -0.07830792548452065, -0.18724795585002402, -0.07419157983935842], "scale": [1.0, 1.0, 1.0, 0.06804234093750042, 0.04801918189128177, 0.04243289357780871, 0.13188138189219636, 0.09816752659043897, 0.06074014642877023, 0.17244187053409116, 0.1388537746699292, 0.07101522846101027, 0.20638210406760701, 0.16767325924985435, 0.08198707031024606, 0.14125423462023118, 0.10190215729245312, 0.07197622079163618, 0.19166290948736364, 0.16120296859029895, 0.0891235418988431, 0.21947361022190845, 0.19802550484634177, 0.09771315659748223, 0.24378361737184523, 0.23662031421789775, 0.1025948694911781, 0.12125485234321969, 0.10237280107937963, 0.05821335639503929, 0.17074813210940765, 0.16912377207208282, 0.07651513168027127, 0.18259996928689395, 0.2059050145388991, 0.07974997668304934, 0.19468165129097242, 0.2461095443901533, 0.08144856756226147, 0.11001741192392389, 0.10312716581770093, 0.04994755419084577, 0.15293368616956554, 0.1617241970297445, 0.06827807696518255, 0.15138954176417005, 0.1753511114362579, 0.06829478431070403, 0.15198248544541354, 0.19444930574791053, 0.06826436414108408, 0.11088523205526556, 0.10402703674178179, 0.0512094741228509, 0.14860485093286405, 0.1491086854673453, 0.06376865385767634, 0.1601333344770629, 0.1656420205858712, 0.06351538845631191, 0.17000201963445433, 0.1850021421804465, 0.06358696810060734]}