{"mean": [-1.0342777604897187e-05, -2.6867802540802343e-05, -6.0085331817145895e-05, 0.020667407419702567, -0.046628900035783676, -0.05295361409464034, 0.03016468167224117, -0.12555058662215388, -0.0757554752501501, 0.021480107331032405, -0.18577243133462576, -0.09457982913724573, 0.009149870182155162, -0.21598793309677425, -0.11004951889054866, 0.00959295611105292, -0.23267087377909776, -0.03636592245439956, 0.0069972548358036915, -0.3058428736291497, -0.07897056232862311, 0.006200971499988244, -0.31703854798505887, -0.10727416123167527, 0.005658279053237156, -0.32334065501198234, -0.12233614434734812, -0.0066671275935523645, -0.2297162941947818, -0.03246290108904764, -0.009827627523220977, -0.29898712070685196, -0.08323344745107006, -0.006613099235909748, -0.27708440991700783, -0.10669546067824312, -0.0037264979522861792, -0.2625105001903912, -0.1119727206162337, -0.02035461311944706, -0.20952808586201457, -0.03561243903113472, -0.023712792520139785, -0.26269081255500015, -0.09382572604759383, -0.015958659130069188, -0.21561539670530672, -0.10089503924634652, -0.010245011753830448, -0.1818336480518561, -0.08973298784404278, -0.03254472421536674, -0.17691452135760072, -0.04245224519788265, -0.035229108789939664, -0.22340834804840828, -0.08483941101850057, -0.030207732485741635, -0.20179597207487313, -0.08447974384418307, -0.0267578180418643, -0.18421875426631426, -0.0735752898205028], "scale": [0.0028627846152590275, 0.0028955955602550246, 0.002918356379876586, 0.09026595868922228, 0.048224161651689475, 0.04320602540018542, 0.15721033389971026, 0.09997071403856524, 0.06173452496163231, 0.18157157458286652, 0.14260356968422525, 0.07210309041435525, 0.20590042547740914, 0.1725449485104525, 0.0830526621732548, 0.1463642590378694, 0.10584306429957557, 0.07287672667425435, 0.19513551110264127, 0.1673915328184177, 0.09061125555001258, 0.22279182880398493, 0.20412595125297217, 0.09926405473748263, 0.24711376507389263, 0.24273106681963724, 0.1041583472230084, 0.1252886099886413, 0.10618856464663505, 0.058945433148316795, 0.17382646202084026, 0.1744179237793977, 0.07857768950970564, 0.18089878243747165, 0.20809267908787432, 0.08169013892423103, 0.19022568317450067, 0.24711284968591501, 0.08289414588179873, 0.12638678631496378, 0.1071021436311009, 0.050775208872526505, 0.16797054251548257, 0.16683384853997538, 0.07004377663088304, 0.15737861918310683, 0.17807246314160155, 0.06965932913429401, 0.1536196174947866, 0.19613023165088042, 0.06935818729100027, 0.14586168604483754, 0.10832740515903058, 0.05240675203106183, 0.18007152355254688, 0.15479356069101646, 0.06526796893727514, 0.18140559231580267, 0.17086069532541354, 0.06508387104588063, 0.1852921234498154, 0.19032490774617186, 0.06525154558964118]}